{
  "openapi":"3.0.0",
  "info": {
    "title": "API POS PWA Inventa",
    "description": "API connect DB SWInventa POS PWA",
    "version": "1.0.0"
  },
  "servers": [
    {
      "url": "https//api.moontravels/v1/clientes"
    }
  ],
  "tags": [
    {
      "name": "clientes",
      "description": "Estrdgfjhdsghjsdfgjkdfshg"
    }
  ],
  "paths": {
    "/": {
      "post": {
        "tags": [
          "clientes"
        ],
        "sumary": "Inserta la informaciòn de un nuevo cliente",
        "parameters": [
          {
            "$ref": "#/components/parameters/token"
          }
        ],
        "requestBody": {
          "content": {
            "application/json": {
              "schema": {
                "$ref": "#/components/schemas/BodyClientesPost"
              }
            }
          },
          "required": true
        },
        "responses": {
          "200": {
            "description": "(OK)",
            "content": {
              "application/json": {
                "schema": {
                  "$ref": "#/components/schemas/ExitoClientePost"
                }
              }
            }
          },
          "400": {
            "$ref": "#/components/responses/BadRequest"
          },
          "401": {
            "$ref": "#/components/responses/Unauthorized"
          },
          "404": {
            "$ref": "#/components/responses/NotFound"
          },
          "500": {
            "$ref": "#/components/responses/ServerError"
          }
        }
      }
    },
    "/{idCliente}": {
      "get": {
        "tags": [
          "clientes"
        ],
        "sumary": "Recolecta la información",
        "parameters": [
          {
            "$ref": "#/components/parameters/token"
          },
          {
            "name": "idCliente",
            "in": "path",
            "description": "identificador",
            "required": true,
            "schema": {
              "type": "string"
            }
          }
        ],
        "responses": {
          "200": {
            "description": "(OK)",
            "content": {
              "application/json": {
                "schema": {
                  "$ref": "#/components/schemas/ExitoClienteGet"
                }
              }
            }
          },
          "400": {
            "$ref": "#/components/responses/BadRequest"
          },
          "401": {
            "$ref": "#/components/responses/Unauthorized"
          },
          "404": {
            "$ref": "#/components/responses/NotFound"
          },
          "500": {
            "$ref": "#/components/responses/ServerError"
          }
        }
      }
    }
  },
  "components": {
    "responses": {
      "Unauthorized": {
        "description": "()Unauthorized) no hay autorización para llamar al servicio"
      },
      "NotFound": {
        "description": "(Not found) no se encontro la información"
      },
      "BadRequest": {
        "description": "Los datos enciados son incorrectos"
      },
      "ServerError": {
        "description": "Error en el servidor"
      }
    },
    "parameters": {
      "token": {
        "in": "header",
        "description": "token de autenticaciòn",
        "required": true
      }
    },
    "schemas": {
      "BodyClientesPost": {
        "type": "object",
        "properties": {
          "primer_nombre": {
            "type": "string",
            "description": "primer nombre del cliente"
          },
          "apellido": {
            "type": "string",
            "description": "apellido del cliente"
          }
        }
      },
      "ExitoClientePost": {
        "type": "object",
        "properties": {
          "respuesta": {
            "type": "integer",
            "enum": [
              1
            ],
            "description": "Bandera que nos indica si la llamada al servicio fue exitosa"
          },
          "idCliente": {
            "type": "integer",
            "enum": [
              222
            ],
            "description": "id que corresponde al cliente ahora usuario"
          }
        }
      },
      "ExitoClienteGet": {
        "type": "object",
        "properties": {
          "primer_nombre": {
            "type": "string",
            "description": "primer nombre del cliente"
          },
          "apellido": {
            "type": "string",
            "description": "apellido del cliente"
          }
        }
      }
    }
  }
}